2016-3-9,1005906
2016-3-10,1006650
2016-3-11,1007479
2016-3-12,1008313
2016-3-13,1009128
2016-3-14,1009878
2016-3-15,1010564
2016-3-16,1011328
2016-3-17,1012094
2016-3-18,1012827
2016-3-19,1013672
2016-3-20,1014410
2016-3-21,1015136
2016-3-22,1015719
2016-3-23,1017958
2016-3-24,1019052
2016-3-25,1020147
2016-3-26,1020915
2016-3-27,1021606
2016-3-28,1022927
2016-3-29,1023726
2016-3-30,1024327
2016-3-31,1025166
2016-4-1,1026005
2016-4-2,1027518
2016-4-3,1029236
2016-4-4,1030572
2016-4-5,1031455
2016-4-6,1033123
2016-4-7,1033918
2016-4-8,1035068
2016-4-9,1036218
2016-4-10,1037665
2016-4-11,1038862
2016-4-12,1041008
2016-4-13,1042905
2016-4-14,1044706
2016-4-15,1045913
2016-4-16,1046993
2016-4-17,1047522
2016-4-18,1048443
2016-4-19,1049277
2016-4-20,1050157
2016-4-21,1050848
2016-4-22,1052466
2016-4-23,1054656
2016-4-24,1056277
2016-4-25,1056999
2016-4-26,1057878
2016-4-27,1060992
2016-4-28,1063019
2016-4-29,1064055
2016-4-30,1065021
2016-5-1,1065797
2016-5-2,1066910
2016-5-3,1068899
2016-5-4,1070888
2016-5-5,1071491
2016-5-6,1072499
2016-5-7,1073563
2016-5-8,1074419
2016-5-9,1075971
2016-5-10,1077098
2016-5-11,1078161
2016-5-12,1079217
2016-5-13,1080344
2016-5-14,1081184
2016-5-15,1081906
2016-5-16,1083067
2016-5-17,1084160
2016-5-18,1085253
2016-5-19,1086346
2016-5-20,1087439
2016-5-21,1088532
2016-5-22,1089625
2016-5-23,1090718
2016-5-24,1091811
2016-5-25,1092904
2016-5-26,1093997
2016-5-27,1095099
2016-5-28,1095898
2016-5-29,1096515
2016-5-30,1097095
2016-5-31,1097747
2016-6-1,1098379
2016-6-2,1099027
2016-6-3,1099781
2016-6-4,1100573
2016-6-5,1102254
2016-6-6,1103624
2016-6-7,1104948
2016-6-8,1106273
2016-6-9,1107425
2016-6-10,1108745
2016-6-11,1109431
2016-6-12,1110083
2016-6-13,1110963
2016-6-14,1111571
2016-6-15,1112089
2016-6-16,1112730
2016-6-17,1114232
2016-6-18,1115377
2016-6-19,1116287
2016-6-20,1117684
2016-6-21,1118783
2016-6-22,1120736
2016-6-23,1122689
2016-6-24,1126477
2016-6-25,1139560
2016-6-26,1143650
2016-6-27,1145626
2016-6-28,1147892
2016-6-29,1149753
2016-6-30,1151681
2016-7-1,1153202
2016-7-2,1154339
2016-7-3,1155623
2016-7-4,1156739
2016-7-5,1157697
2016-7-6,1159790
2016-7-7,1161836
2016-7-8,1163196
2016-7-9,1164018
2016-7-10,1164724
2016-7-11,1165562
2016-7-12,1166812
2016-7-13,1168353
2016-7-14,1189291
2016-7-15,1198659
2016-7-16,1201811
2016-7-17,1203450
2016-7-18,1204747
2016-7-19,1205794
2016-7-20,1206850
2016-7-21,1207798
2016-7-22,1208490
2016-7-23,1209155
2016-7-24,1209744
2016-7-25,1210159
2016-7-26,1210526
2016-7-27,1211150
2016-7-28,1211785
2016-7-29,1212429
2016-7-30,1212992
2016-7-31,1213462
2016-8-1,1214055
2016-8-2,1214488
2016-8-3,1214822
2016-8-4,1215218
2016-8-5,1215612
2016-8-6,1215965
2016-8-7,1216366
2016-8-8,1216650
2016-8-9,1216953
2016-8-10,1217300
2016-8-11,1217619
2016-8-12,1217920
2016-8-13,1218095
2016-8-14,1218098
2016-8-15,1218137
2016-8-16,1218271
2016-8-17,1218406
2016-8-18,1218692
2016-8-19,1218943
2016-8-20,1219101
2016-8-21,1219241
2016-8-22,1219356
2016-8-23,1219567
2016-8-24,1219810
2016-8-25,1220053
2016-8-26,1220296
2016-8-27,1220539
2016-8-28,1220782
2016-8-29,1221025
2016-8-30,1221268
2016-8-31,1221511
2016-9-1,1221754
2016-9-2,1221997
2016-9-3,1222242
2016-9-4,1222431
2016-9-5,1222620
2016-9-6,1222809
2016-9-7,1222998
2016-9-8,1223187
2016-9-9,1223328
2016-9-10,1223452
2016-9-11,1223563
2016-9-12,1223745
2016-9-13,1224374
2016-9-14,1224652
2016-9-15,1224917
2016-9-16,1225132
2016-9-17,1225411
2016-9-18,1225621
2016-9-19,1225772
2016-9-20,1226064
2016-9-21,1226319
2016-9-22,1226542
2016-9-23,1226777
2016-9-24,1226979
2016-9-25,1227181
2016-9-26,1227427
2016-9-27,1227654
2016-9-28,1227537
2016-9-29,1227400
2016-9-30,1227664
2016-10-1,1227890
2016-10-2,1228027
2016-10-3,1228225
2016-10-4,1228390
2016-10-5,1228608
2016-10-6,1228825
2016-10-7,1228982
2016-10-8,1229122
2016-10-9,1229237
2016-10-10,1229391
2016-10-11,1229533
